{
    "test_accuracy": 0.7142857142857143,
    "precision": 0.5641025641025641,
    "recall": 0.8148148148148148,
    "f1": 0.6666666666666666,
    "auc": 0.8098148148148149,
    "tn": 66,
    "fp": 34,
    "fn": 10,
    "tp": 44,
    "decision_threshold": 0.30153627929235044
}